CODIGO,NOME,DOCUMENTO,CEP
90291551626042,Dra. Heloisa Pacheco,01794536884,53767285
93337685553135,Rael Leão,21486305717,42231835
79415542159461,Vinícius Pires,03417259860,13976738
54832548267196,Lunna Cunha,28509417350,51649174
89116759642304,Maria Isis Nascimento,57163894066,31327769
57473737919193,Breno Oliveira,01629753840,31836932
44880732082656,Sr. João Miguel da Conceição,79843652029,53466449
79685802266584,Maria Helena Câmara,29683170595,49305568
48708492027079,Ana Vitória Machado,10425936805,11739411
43136030404323,Dr. Theo Moreira,62719580449,08168409
54320600263595,Hellena Fogaça,27096315470,50272527
88782414264930,Eloah Sales,51724936034,28271633
37520405056522,José Pedro Cirino,82436079510,96750565
84467912353191,Pietro Gomes,83179042613,97272295
61570664439425,Maria Luísa Gomes,03467298150,47570467
40401227576937,Raquel Barros,58617230444,25042384
45537122562555,Daniela Peixoto,94730156820,36754740
82820626270635,João Guilherme Nogueira,03648519298,50791529
28613755225248,Cecília Rodrigues,46953872128,49438727
21200316368102,Davi Monteiro,28549713619,99613442
22970303430615,Rhavi da Conceição,09428736104,77640156
78476421410368,Anthony Farias,76543921099,74155774
36722390181630,Dr. Liam Pires,75213480950,41704026
84359720670056,Léo Campos,94578260194,30742521
86464749002415,Isabela Aparecida,13546890205,86559283
28946486089516,Hellena Aparecida,26917438537,33970100
48530927974919,Rafael Andrade,25813469060,53560484
43979043762624,Natália Câmara,91857243609,27728909
17626591015088,Davi Lucas Gomes,80261594702,63159073
81257289621506,Ana Laura Pimenta,86591074201,32188391
43520195575006,Rafaela Lima,19342067506,22130626
85080291287955,Raquel da Paz,41638072922,38870315
66689653761462,Bryan Fonseca,71236985095,67075269
10879017739544,Dr. Rafael Campos,53982467047,26770569
85936360840292,Dr. Matteo Montenegro,20376418508,08030479
51343473915632,Dom Mendes,97823541041,69185506
34316917182558,Sr. Liam Ferreira,51387469282,35337638
23364893493582,Sra. Sara Lopes,58163970286,50868001
93750980924927,Nina Novaes,51094682730,76044930
41764069784248,Benjamin Aragão,03268947565,44430155
47610848787116,Pedro Miguel Guerra,08251436915,70520055
70524217689388,Matheus Vieira,08427956185,54242206
21435852137326,Henry Gabriel Ferreira,32761049543,26987618
84370816579962,Dra. Lavínia Viana,80194573214,75899835
30864782041539,Joaquim Nunes,03647518948,44500335
70510616504503,Ana Carolina Nascimento,67852094120,73315445
15840602514208,Caio Abreu,01254637826,63752225
85971717823699,Maria Fernanda Albuquerque,59814602370,99095719
36382409579399,Lorenzo Ferreira,72954638109,87551733
79427630197947,Thiago Sá,91487256094,53893252
89094146660404,Sr. José Pedro Pires,36457120970,28014534
92433734655284,Ana Julia Barbosa,02718593423,49387090
90505620394982,André Sousa,57283046992,77221324
93552213849952,Gabriel Nunes,24963710803,90968178
54912831975174,Ana Julia Mendes,50187649294,72049846
41310363855685,Melissa Santos,71295603802,38666451
51776038329856,Bryan Correia,95742036892,62404605
16949835296606,Catarina Abreu,17936420878,24286642
81751828062889,Sara Marques,71309268487,89494005
20351318402169,Ana Laura Marques,34892570141,32040571
42499371767478,Luna das Neves,85267190411,04588927
92122078204650,Benicio Fernandes,21758439637,30871233
87073434275044,Dr. Lucca Mendes,72586394038,33432251
77556673290395,Gabrielly Moraes,17295683003,51155941
91894265870110,Marcela Peixoto,18253094779,26141319
21079922480451,Maria Flor Vieira,82637091487,35646748
33463376182584,Dra. Maria Alice Duarte,37824519023,12605014
77356166505060,Sr. Apollo da Paz,13798526419,57847638
48660809225890,Apollo Ribeiro,91082354732,64643843
58738947229370,Ágatha Araújo,30476829500,95702312
61719656323476,Gabriel da Mata,71529068312,93344807
32034645569731,Stephany da Costa,23950716416,95181739
47356623313592,Ana Lívia Nascimento,36420951780,87605926
44582758102026,Raquel da Conceição,12096475830,61255261
89741052779217,João Miguel Marques,17905824314,52198532
14725542788331,Calebe Rocha,60278139469,25965233
64053107261498,Emanuel Viana,40217358608,29075930
90977189132120,Maria Vitória Pacheco,45627183071,22519618
50017108137031,Marcela da Conceição,94073852132,26643881
47784201291139,Maria Júlia Almeida,49326780538,38496494
86079578706815,Ana Fernandes,57941360810,48425152
70943035561231,Rodrigo Souza,70256934800,67543983
41700479799889,Dra. Olivia Araújo,67103894213,62182001
88211156159786,Larissa Pacheco,83520461951,45979292
97224103638563,Luiz Felipe da Rocha,61740893557,41171062
76773748659794,Eduardo Oliveira,52974680194,11017645
94524588916967,Benicio Sales,98527140667,02587992
64730813496919,Marina Guerra,36957812030,56212062
65220102858827,Maria Alice Albuquerque,76325148053,76365142
26232730483637,Sra. Alícia Nunes,28501437662,93803541
15160073247124,Emanuelly Ribeiro,10498635260,32962491
80133661394298,Dra. Stella das Neves,21697845002,78561246
23233644707856,Arthur Pastor,89056734148,28255415
76614482270901,Gabriela Pastor,93845062142,34845806
31628674840034,Luiz Otávio Melo,15026843905,54197308
94866952347207,Nathan Pimenta,01478932678,30926169
56777848161816,Rhavi Rios,17245683026,18778403
15027884353140,Sr. Emanuel Cassiano,92784103650,46659869
95715988244944,Melina Jesus,19073568277,85145202
72777134321775,Bernardo Viana,89602453729,14562704
68363504947230,Emanuella Guerra,03421976813,57048492
22109233273736,Agatha Abreu,38907126496,12958104
37680153939992,Gabrielly Sá,46201598324,23254780
88372252996751,Alícia Azevedo,75201489397,52401658
73175473963234,Isaque Barbosa,73410692878,02182682
72645574644575,Ana Jesus,34792805104,40824607
67736207452458,Zoe Cardoso,50681372940,21183645
39202257685177,Mirella Aparecida,78490652392,81280779
68011860313817,Sra. Lavínia Barbosa,31568427026,47694523
96963891222663,Heloisa Moraes,27805614911,97700583
58240574007080,Dra. Fernanda Melo,40651273943,79010652
77218547538801,Catarina Machado,07489162530,50229411
22989887872692,André Aparecida,37648290529,37601589
32837057576541,Bento Garcia,19236570895,86426584
86369338179098,Sr. Léo Camargo,61930548710,38237120
70404807691612,Caio Abreu,38176425044,54033370
92458886619369,Sra. Olívia Cavalcante,12346078590,37906790
23392699688130,Maria Lopes,52486370153,24114180
52828729968806,Henry Gabriel Cunha,32890574105,74516705
56151034489567,Bruna Camargo,39145260761,69870441
13975065645291,Sophie Câmara,60952781476,38642254
45136899591995,Pedro Lucas Cavalcante,91654783200,96541612
97860436804842,Melissa Guerra,15830426790,96550170
92973180689632,Mariana Nogueira,14065329752,19299136
93433801385153,Rafaela Souza,52306719470,23185683
84103108671308,Léo Gomes,87250164902,50230331
24333107433249,Breno Novaes,47596128319,13457542
81110080122040,Srta. Ana Julia Fogaça,78192453600,66874869
51787397954704,Alana Pires,46129578300,71464706
92195112671186,Vicente Farias,29850376112,23005937
44218367363331,Vitória Aragão,06713482996,67193201
71043673090790,Ana Vitória Moura,13408269769,90537195
65863405989647,Luiz Gustavo Vieira,47639208556,74014657
96394500814943,João Felipe Sampaio,92071543823,90293371
90172296503507,Dra. Maria Júlia Pastor,87256349173,20003889
60437784047360,Dra. Jade Montenegro,50894713639,13605029
22399290512222,Emilly Vieira,82159630489,53198419
72663524440106,Matteo Sales,24863190506,53705719
32264077993946,Isabela Nogueira,82394561033,94910998
43737682826896,Ana Lívia Lopes,10924587601,83537125
38934737679214,Mariah da Paz,31950268489,88573896
45604936520231,Dr. Vitor Gabriel Farias,04538276162,73427787
62335947949641,Beatriz Martins,78506123968,13817270
17382087260898,Dra. Ana Carolina Guerra,08594127332,26487150
77833946696924,Calebe Silveira,19576408393,24241312
76632353697941,Maria Júlia da Costa,97560231802,79865749
60447736722647,Alexandre Castro,42631587090,89908865
33196061909144,Maria Isis Melo,35841026771,71183897
85333959967789,Dr. Carlos Eduardo Mendes,52361804735,19929444
99064505732107,Augusto Santos,50493671820,62662813
45051961131938,Fernanda Correia,14365970801,13953711
45800056715503,Davi Luiz Pinto,42063817987,81349593
62024501592898,Eloá Lopes,37285149691,42122452
63980730113956,Thales Borges,68214375053,12293044
70802425246344,Giovanna Gonçalves,43709612543,25180973
26741067962127,Theodoro Pereira,21076354807,68090109
64378961668480,Nathan Araújo,72013496869,88788726
93442250615988,Stella Sá,36075289429,29780490
33275521233135,Maria Sophia Pereira,28051964306,97434777
54459610389003,Eduardo Viana,81723549673,16240454
98459403611290,Maya Machado,60951374893,03154215
22348938720890,Théo Souza,58042971397,04856752
79426933246303,Letícia Martins,23418670571,94715700
75494836513956,Ísis Vieira,59670231868,20708790
98689271863950,Sr. Rael Cassiano,16487092304,66546400
45950805582302,Enzo Lima,98704215630,78195288
95776343985219,Jade Macedo,78263015480,23252796
42706965481072,Ágatha Vargas,26904138769,76421565
62071935168690,Raquel Campos,72693058112,32903366
64955429363591,Stephany Mendonça,52168730903,76089364
87673516002209,Luiz Otávio da Costa,46759810201,60361759
93968116525414,Dr. Calebe Nogueira,62018357921,38548232
90264236880592,João Gabriel Borges,59108743657,21704829
59054946107629,Thiago Aparecida,95213670830,62281467
68011980631217,Mirella Camargo,86702543956,86523729
90855442861789,Evelyn Martins,42586139089,49225844
88720086589268,Maria Júlia Mendes,09435716261,67421352
12983634637690,Dr. Daniel da Cunha,27601539407,60990702
33683819374957,Srta. Laura Duarte,01862457930,80987527
69389914437982,Beatriz Novais,29135460725,17472330
83370629519816,Elisa Ramos,38621759446,51425951
29893056207565,Otto Cavalcante,97412803514,41109131
23563517090875,Igor Borges,12397480514,83994881
95692355478996,Dr. Mateus da Mota,43591602752,68964900
41143282121248,Davi Miguel Pacheco,34258619728,20351863
26817514196001,João Vitor Rezende,27149630561,41894936
86111530776541,Renan Martins,14932750625,96909775
68355333235284,Rael Monteiro,39482107640,80996517
27841035336950,Emanuella Montenegro,50791246876,72317508
48475097465205,Renan Ramos,52318406707,67087304
87755936161845,Dom Brito,84035962198,38172359
79813471204227,Sra. Bruna da Rocha,95706432856,07926065
66512065746244,Evelyn Pastor,58470291602,30093543
28712584531100,Gabriela Rodrigues,02354187904,13597943
35191033378143,Caroline da Rosa,10945637810,67082167
11742457615726,Maria Fernanda Rodrigues,49031728560,28217942
88494866184836,Antony Pires,52631894782,51629008
32912991611053,Srta. Julia da Conceição,80529761386,61376769
52617137011335,Hadassa Azevedo,87592036177,52125396
93372419850006,Bruno Pires,48326097187,29354991
56473608355182,Lara Sampaio,97401835657,06488719
39899860710410,Gabriela Pinto,93425016725,79003113
81099345006940,Gabriel da Luz,58937260140,60423622
62751312455106,Srta. Manuela Ribeiro,51602394725,46132078
83346091761468,Stephany Monteiro,52094763838,63151870
73859902985483,Ryan Moura,96451027820,75792807
35805678152348,Dr. Gael Vargas,79481530205,52402622
42737073642601,Luan Peixoto,64370519810,22559265
53750189457244,Josué Lopes,38095672483,74270914
61396195316621,Emilly Castro,82594603198,24295479
22855893607611,Sofia Pacheco,48371605226,98358215
76383229086582,Ana Sophia Rocha,71625893086,38350505
99701097027102,Caio da Cruz,41975623819,68014053
51716558156592,Oliver Jesus,19583607401,27629872
80519839082906,Joana da Cunha,62135498700,47182668
88355966885377,Luan Cavalcanti,64803795274,56670437
19911623574909,Maria Liz Gomes,25139764873,52827043
19778620849934,Dr. Nicolas Abreu,87415032608,75823666
23299308876269,Clarice Almeida,83257941609,16740328
96894278179820,Manuela da Costa,08162359702,15304307
38622902750894,Clarice Porto,10374895600,82691882
51526617353657,Breno Viana,04681729558,17252615
46215897342141,Augusto Rezende,38491705600,22803790
88636583998448,Davi Lucca Rios,32064851771,00431751
23397215889098,Matheus Almeida,79453012823,78900376
20090755402141,Carlos Eduardo Martins,39512674882,01685459
10905088027736,Rodrigo Cunha,89735124041,32719950
79158041637866,Maria Vitória da Mata,75689423092,59012399
86417374996816,Luigi Melo,96784105320,21251655
98253919067455,Maria Fernanda Fonseca,64239701813,32620816
80352454737782,Dr. Joaquim Andrade,80976425300,05992001
54220571544691,Vitor Pereira,15098643775,48182125
27854150108491,Sophie Castro,21370645880,96160631
92034165985778,Matheus Castro,10964587300,99500772
62957549715810,Dra. Ísis Fogaça,20783156995,20022306
49134872948818,Sr. Dante Leão,53984207123,28707392
33281847407914,Mirella Almeida,46938715084,82830906
13906412947030,Eloá Rezende,30498712532,54083638
41198068374779,Benicio da Costa,21860495702,54116731
46791561577397,Felipe Pacheco,82035967465,71471012
65458917929706,Elisa Gomes,59043172804,85904508
53163755291643,Dra. Lorena da Mata,94872613546,06643519
22565549150744,Maya Machado,56098432783,61130290
74600143377801,Eloá Sampaio,02341579841,57029074
92436917652929,Dra. Hadassa Silveira,25740613817,42887630
82113254492972,Enrico Brito,53028679400,97969177
32391939654192,Erick da Costa,51987364066,83306706
44271241156981,Anthony Gabriel Cunha,70829456392,70403387
39556962556848,Henrique Carvalho,01965237886,24266405
97011641873413,Sra. Maria Vitória Mendes,36895147209,06104317
66242044815889,Melissa Pires,29630584700,86483078
21519891323791,Mariana Casa Grande,62734185946,86400750
49156576480577,Matteo Cardoso,86579430265,25646696
54269490544448,Srta. Olivia da Mata,65438971200,56907160
55785185594431,Dra. Aylla da Conceição,37514892664,01166332
47825833139222,Melissa Câmara,59621748011,28672545
46586035763652,Luísa Teixeira,34156082989,52521962
96244703859664,Manuella Andrade,76128549020,38820447
21431032511267,Matheus Moreira,14973260525,69554045
86144523195224,João Vitor Barros,08927543114,08784250
19901148761003,Fernanda Pastor,96812754382,89092419
34497707191110,Cauã Moura,34178629573,54711794
68090332745025,Davi Miguel Lopes,67820541326,00795852
33440975463463,Leonardo Duarte,86027351977,28093322
34213905377542,Liz Barbosa,46310875280,53530190
21677807960485,Henry Gabriel Moura,93670842187,77506248
63220931037875,Vinicius Barbosa,01547893214,03319451
15490206206778,Daniela Barbosa,18476923546,79158242
36876534177878,Júlia Câmara,32874196096,92736602
22278085114037,Eloah Rios,86209345700,38968800
40142404643314,João Lucas Martins,40359271804,16711045
87221041578641,Apollo Rios,19305648720,74886278
87433827564599,Dr. Anthony Gabriel Alves,01598436260,05434924
75705436160283,Benjamin Nunes,75692304180,35766713
65648692150306,Dr. Ian Silveira,15834760244,15494608
58938331518826,Davi Abreu,79451082611,88020737
30761897389732,Srta. Maria Liz Pereira,69102438542,50401851
37053728021243,Maria Luísa Pires,97308415600,52737931
70363803274676,Raul Silva,13689524709,62790873
33721058086582,Isis Pereira,50986412767,60951777
88204372716509,Igor Montenegro,32941087613,45898577
98632534142116,Dr. Yago Sales,41523670835,98114142
28867247577339,Melissa Ribeiro,97543016893,56414192
44715859644859,Benjamin Vargas,12586470362,87173236
23791020159589,Heitor Silveira,89361254006,84618432
29049128061624,Antony Fernandes,29680457338,81268994
70864361292860,Ryan Freitas,84603271913,20895965
37890033147187,Henry Gabriel Garcia,45186370207,01321572
33107154852705,Marcela Mendes,46839017222,18836464
55810417888852,Luiz Gustavo Sales,28037416950,51389796
38102798855988,Gustavo Henrique Peixoto,27065843947,60809126
48708173792830,Agatha Pacheco,89472653146,97278105
34396595274830,Dra. Esther Novaes,61729453007,67173435
54556683220056,Sara Almeida,24536710906,80074477
82635212345573,Anthony Gabriel Campos,91074623525,50228715
28948852330573,Natália Leão,67351042853,37768094
91224307690039,Eloá Aparecida,84075961320,34638572
67600273747580,Carolina Garcia,60219784558,88039424
76227041652009,Ana Julia Vieira,65219307452,65282138
46254254947985,Matteo Fernandes,37829405123,34736739
62734092029330,Esther Azevedo,02348675153,60446749
57104647876491,Srta. Helena Rios,54061827308,44978374
61658241424354,Matheus Azevedo,01263594743,82366916
90858631135888,Pedro Lucas Barros,98637241069,47558928
58520406660767,Sra. Brenda Novais,17562830959,52215067
27627199054949,Gustavo Silveira,91035248760,76550211
48366547650019,Ana Júlia Mendes,62349850170,74900808
21092182183517,Rodrigo Duarte,98462305756,48911030
61982941264664,Arthur Albuquerque,26308459747,73057162
79983420571406,Melissa Farias,64320857135,34129127
42164797310873,Laura Cassiano,18307294622,43767722
40792990294354,Benício da Conceição,81523490624,68640715
16170185749494,João Pedro Aragão,31270986422,26762338
79666483408219,Josué Nascimento,24598160730,44970001
10155923072446,Ian Moreira,10249835797,46050254
52815874511971,Isadora Azevedo,59174836200,16465695
10869308054337,Otávio Mendes,95806234142,26592759
90859314505639,Enzo Abreu,85471392060,69071412
13832048522290,Amanda Nunes,92350678474,78927093
65928984995514,Ayla Mendes,50489136710,28860140
90044925430177,Henry Gabriel Câmara,91586073230,42160809
76301210244018,Ana Cecília Montenegro,54780932114,44847394
37053599046374,Maitê Barbosa,36521498746,13253462
39313297541291,Nicolas Cirino,14685072308,06317103
65860481246057,Caio Lopes,09826157368,01407787
94402983198699,Nicolas Freitas,64925371061,60751709
42828036924915,Mathias Freitas,90215637895,35814470
64092824567115,Laís Marques,06329541752,52292183
34223015442671,Liam da Luz,51346208735,92359177
40782307342853,Emilly Sampaio,82350176444,72297729
10091349799499,Stella Pires,76810429387,05531377
98642854264980,Dra. Hellena Monteiro,07463952800,01291684
52083166585696,Alana Andrade,24957083150,05340626
84973198073859,Larissa Guerra,98652071411,17825990
30097679365131,Dr. Juan Costela,27054183690,76567305
15984101590193,Bella Gomes,35490861215,56535833
57647568231178,Dr. Caio Mendonça,19807625467,55383475
42397922102158,Camila Casa Grande,45921670316,04855151
96075242030654,Sr. Bernardo da Rocha,01327694840,54681918
97343314508184,Benjamin Martins,38207946547,05536388
63281052192276,João Vitor Souza,75148320680,17464095
23395698342568,Enzo Gabriel Vieira,07396841593,78578011
73816915832666,Emanuelly Vargas,28940715667,31083911
99035251956309,Pedro Peixoto,10857634984,12321854
46656137367977,Pietro Andrade,07562394199,53384034
26736560891000,Vitória Silva,56721309416,69065112
48135716156682,Maria Eduarda Siqueira,09281576449,02028386
20450843946850,Sabrina da Cruz,91276450370,64848295
36308112547134,Dr. Emanuel Gonçalves,92061783503,48407495
78426818800334,Ana Duarte,68390251795,38973171
83191331321592,Calebe da Cruz,92146358700,11649930
82409444385920,Ian Pacheco,85204173617,95882526
96029453890302,Sr. Leonardo Nogueira,81450623905,49472894
96594550186541,Maria Vitória Ramos,25791608411,36479446
56266378524915,Lívia Machado,10487925360,97122902
34757402194529,Pietro Pimenta,26370184969,15843142
11804067376142,Allana Lopes,10235764906,42618476
73426842457230,Dr. Otto Santos,96842531098,12428510
81108082399383,Pedro Henrique Pastor,96840352170,42694155
26797948600666,Rodrigo Santos,62105794343,98199624
30138895689138,Sra. Beatriz da Costa,53269847173,33465726
44305183240504,Sra. Maria Sophia Fernandes,91248537041,98676020
62116767644357,Emanuel Nogueira,61045792802,30856882
76978836683027,Dra. Marina Leão,27483061987,20040617
60903107911421,Dra. Gabrielly Andrade,32158406771,56518791
64901667167533,Kaique Cassiano,46120895701,46236699
81938166618591,Luna Cirino,82613490551,29351091
91005542201252,Davi Lucca Moreira,42973051860,66866078
58674253985010,Gustavo Cunha,41673890539,79471447
18166435550741,Jade Casa Grande,63102489796,77683904
79864186474442,Augusto Correia,31479508241,17660701
88940321166768,Maria Luísa Cassiano,74860239113,87079821
82684018868978,Dr. Apollo da Cunha,91752863003,86179830
53856256850721,Sr. Henry Oliveira,26419703840,26654373
77056273858228,Thomas Sales,28791403588,65948461
28092745947196,Igor Montenegro,14836570271,07846056
43755624660365,Srta. Melissa Albuquerque,15630842790,98719787
32451926166336,Valentim Cunha,41573290661,28438626
69953902132227,Henrique Ribeiro,49856023106,10867098
47347632905187,Melina Mendonça,61509738401,64275271
25369839812954,Stephany Pastor,46973812031,63640981
80711771930073,João Guilherme Silva,31826547991,45932284
74829444451838,Emanuelly Moura,35284910788,08105334
78677022402708,Srta. Ana Laura Pinto,27196530802,63236304
64358089550690,Heloísa Costela,23015694707,38696020
69479660276860,Theodoro Silva,04583271905,44857492
18774295315477,Dra. Allana Gonçalves,40321589670,14588222
98098983755595,Nathan Ramos,78563419200,72769691
91069774055509,Otávio Cavalcante,75048936256,81900823
46680156007286,Sophie Borges,19837420588,72768610
98331298027729,Sra. Milena Mendes,74032681562,11994482
90970328948682,Ágatha Macedo,27160954858,31812008
54705845061217,Gabriel Cassiano,32506948783,23784010
16660334704369,Pedro Miguel Camargo,37156029452,99904937
17004024221377,Alice Alves,62743105844,77476962
38434186692306,Dra. Maria Alice Fernandes,49180362524,10559200
10425819183042,Srta. Maria Isis da Luz,18549703648,82065484
72027042840418,Ravi Vieira,32975460856,79975537
18847510034863,Otto Carvalho,08536742135,57033996
62806063824556,Isadora Barbosa,75489302160,22360055
38102571179061,Levi Nunes,21385749628,42365722
82894269476840,Olívia Viana,19375268446,94045633
19688963968900,Luigi da Paz,71039286577,11478208
10435532030032,Benjamim Campos,37819524600,96326520
56272908059834,Rodrigo Macedo,02658397186,39179752
73755606148073,Raquel Monteiro,51089342705,58323014
43519716886908,Pietro Dias,23480167535,24335322
63651489919869,Paulo Sousa,18473605993,97519566
95726903515488,Luna Monteiro,96825304151,18639658
32457185717971,Nathan Leão,98206357130,78253573
34001678170070,Amanda Pereira,03421987505,71238822
65052864925092,Maitê Freitas,83290147541,57917560
31340350244614,Srta. Esther Campos,16297348022,08334806
98841783713675,Sophie Vargas,20783465947,96058520
39679579810363,José Pedro Caldeira,13875409639,24645275
33272471728452,Davi Lucas da Mata,13465982746,87422565
57126056924839,Vinicius Aparecida,85197420685,10829584
14920348524699,Dr. Samuel Gonçalves,91384276050,05254918
87492942919609,Srta. Beatriz Abreu,79326504107,08434918
32327533238154,Isabela Campos,78649532047,08475361
93238293196027,Aylla Sales,13965427016,72227776
39812142168478,Dr. Raul Nogueira,21798036487,39241724
57002564712967,Gustavo Peixoto,35701629406,20499835
31001834513745,Danilo da Conceição,75640839139,23646430
98118925721862,Luigi Azevedo,79453260800,38988501
25883259224807,Dr. Rafael Aparecida,47298150332,32997401
57028087274672,Vitor Gabriel Aparecida,52830176480,14660885
24795956828318,Caio Souza,57294038104,71102363
30889699429806,Benício Fonseca,80793126568,63743478
25780067870083,Vitória Cassiano,75039142897,29079644
58137969488996,Pedro Oliveira,18269075485,71642944
52293244601573,Luana Rezende,56241097849,68674094
39923322712190,Arthur Costa,76421359809,92572169
15867586927591,Kamilly Albuquerque,62140385780,41696625
18795757413709,Ravi Lucca Fonseca,91657842355,02183791
88802517702111,Emanuelly Gomes,47021863535,77576332
83501533071782,Sra. Maria Alice Cavalcante,07138652968,22420448
61541707471239,Erick Farias,10928645398,06152282
49255040588959,Guilherme Ribeiro,40293165734,26029469
84601762224817,Davi Rocha,58672419049,11898476
40971819647280,Sofia Rezende,96017235877,83528141
56858027658166,Cauê Câmara,85290764356,47049193
77757930239817,Théo Porto,30586914757,13126053
11176639374889,José da Costa,45810297323,06558663
30214991162219,Lucas da Costa,69817450384,79209625
97674438990744,Stella Fogaça,25781046380,95515345
78193577100479,Dra. Emanuelly Ferreira,93728561428,31807005
24053616350664,Júlia Rios,68794035229,56512804
38497591214754,Rodrigo Cunha,01283475979,05542856
93570541143902,João Vitor Costa,32580417680,88143356
96876636059426,Luiza Gomes,31698540205,63197307
59779991579322,Theo Porto,89162053442,24001025
47951303941024,Laís Castro,10298356406,47597097
18467522425609,Breno Santos,58471360993,19612468
71101386965918,Nicolas Marques,84029571379,31759470
59227120311355,Luiz Felipe Leão,02356198415,96943800
15317406846183,Paulo da Cunha,42386710580,48577347
21189452359592,Maria Luiza Mendonça,94857632047,79644195
20725680792462,Dr. Mathias Fernandes,59413607893,69022749
33934070914134,Gabriela Rezende,50237168995,26008606
54010469594300,Isadora Cunha,15693847039,66361558
86022790463722,Julia Pimenta,56107982485,57853701
16611288538745,Miguel Moura,82109375450,86743192
41951817799233,Daniel Santos,31906782512,84499729
59512628195773,Diego Gonçalves,68312457909,62924753
83883911392116,Dr. Cauã Nascimento,24395061842,31037057
61285576170482,Luna Cassiano,04369285151,69545228
26639087570499,Miguel Cavalcante,43597210643,83597570
21921208637616,Rael Borges,80315974214,95243041
62060892783221,Pedro Miguel Freitas,05438729638,35176233
13959037680423,Pedro Lucas Nogueira,39671852491,58941167
91363425702672,Dra. Maria Laura das Neves,31287594646,60979355
25082096515586,Heloísa Aragão,78546923191,29277808
17589714364924,Luan Almeida,02781639478,86329664
25012572198976,Lavínia Pacheco,67148239087,30550685
54091091361417,Yuri Cavalcante,98502473638,18836860
55583636439126,Sra. Mirella Vasconcelos,97012583479,74133040
65992264900164,Ana Beatriz Almeida,12437968040,69309185
11181165979483,Nathan Pastor,97618253455,50676947
40998813203842,Caleb Borges,87904361566,60875485
39638793246121,Maria Laura Almeida,62815470390,70928593
24422110610518,José Peixoto,54263079892,66029269
75941034580616,Anthony Gabriel Nogueira,73841605290,20739620
50706786252717,Lunna Machado,84072196304,76017348
72437749460074,Cauê Cavalcanti,43802795105,58329205
82118280764009,Sr. João Vitor Cavalcante,36925847092,30263554
28423422302728,Paulo Rodrigues,96435187282,79660496
92667412370886,Catarina Cassiano,85739604265,51352171
24002687728528,Maria Julia da Cunha,69437580120,87065947
33796295979662,Paulo Rodrigues,32641705907,57452298
63600752178984,Gabriela Almeida,28509347123,82514818
68784052536957,José Gomes,28194650305,63301102
36811592191895,Dra. Helena Souza,93750641820,27047162
22754118485322,Gabrielly da Luz,87436915010,20821259
47371356255352,Joana Cardoso,83241960722,32823267
15769976075238,Heloisa Nascimento,67935240892,74050717
93052378761114,Francisco Abreu,65829071312,51076726
90514206712650,João Gabriel da Mota,70842195602,31530248
43155934503737,Hadassa Macedo,40869523198,79596016
18761728164015,Sr. Nicolas Novais,31589427041,36843751
59829750327154,Sophie Dias,32415790850,15469759
49025509146700,Nina Freitas,14683257017,15524487
46266318895463,Joaquim Camargo,94126780530,19576482
82135443770917,Giovanna Sampaio,52640798383,85012174
14124271563507,Ravi Costela,94316057243,90441672
52020371194567,Bernardo Rezende,27815390404,09151118
88016878500595,Ravi Monteiro,52893146015,77654773
26913230117148,Heloísa Fonseca,89274631537,41036166
76221598185205,Dra. Joana Novaes,65047938247,06511059
12172175483766,Joaquim Macedo,92374815005,79975793
66846928405003,Rael Barros,97683502456,97014460
39613620907350,Gustavo Henrique Duarte,16839024598,54928289
48086156166523,Bruna Vasconcelos,46271509380,12339774
16804256715797,Sr. Mathias Farias,64958372083,64210756
23249094927170,Sr. Pedro Miguel Camargo,78093156259,63097682
48686983981789,Rafael Garcia,40651723906,61954107
43797026364074,Kamilly Nogueira,89675032103,72512632
53535378227509,Heloísa Castro,81492035750,24551296
31071204660704,Brenda Martins,31546829709,00773124
29334222489844,Asafe Campos,81654309206,17477953
81280840041301,Luigi Montenegro,29608431506,30192495
12394137284638,Brenda Dias,91408536242,58297519
48176361970497,Dr. Bryan Garcia,78361290478,53590639
42190376684710,Lucas Gabriel da Paz,69724503810,62025639
70504587950624,Helena Vieira,28653970410,03018066
68604296841203,Sr. Fernando Fogaça,10465329870,43908896
46949543824163,Isabelly Aparecida,92485731004,57631493
34684222930040,Nicolas Albuquerque,79146832050,05299027
90274404557386,Sr. Caio Correia,67312048544,16108387
14906794720624,Guilherme Almeida,83159470288,73924377
99098350023521,Calebe Martins,34891250704,68022419
24830113324129,Maria Clara Gomes,43901628533,63707830
15420798948246,Rodrigo Cavalcante,49530782179,31162101
13267590318076,Giovanna Oliveira,76019452867,79546543
72250939130530,Joana da Rosa,41857023960,46610323
38840144043361,Maria Clara Nascimento,38907126577,23603495
36300435473278,Luara Guerra,38701965484,73843361
79356869086830,Mariane da Mota,83610459298,75524935
23483812038344,Marcela Farias,56328901712,89423013
87989582758208,Lucas Pimenta,81072493640,94235421
86563397557089,Benjamin Lopes,18650237959,52471655
50871830848408,Diego Araújo,70689125321,35656150
93527123380499,Rodrigo Alves,85376921409,09495885
23690827410391,Arthur Miguel Nascimento,17356829428,16261467
58188428577940,Camila Monteiro,42793608122,44173815
12683207883296,Giovanna Azevedo,09683417213,55017212
85161526773150,Caleb Abreu,87691432500,18739565
82370256424291,José Miguel Souza,59276140867,81633093
55050916938830,Nicole Fonseca,76241835017,34437958
18363882286722,Benjamin Sá,36580291702,20971560
16113428462767,Allana Silveira,64239870500,78164492
54090561212054,Júlia Costa,97824031560,33257401
35531618863347,Cecília da Mata,18634952070,46600871
10152658710532,Arthur da Cruz,49207136570,71668018
58424204201840,Antony Rios,56410723890,49314223
82647386012261,Heloisa Sales,13625809451,71816149
40446618660232,Melina Andrade,05189347214,15601160
99431835307703,Sr. Gustavo Vieira,71043569839,33269627
77418071216888,Vicente Araújo,62749815002,50429068
91396251328738,Dra. Vitória Sá,75396482109,32457373
33885545037324,Vinícius Cirino,10265894794,66042840
96822499605400,Sr. Enzo Abreu,92483061796,73524716
52742419506726,João Pimenta,39715482023,62943340
36866827033766,Erick Novais,29615078476,42338172
20744391146713,Fernanda Machado,63258741964,71077639
22592181713619,Maria Cecília Santos,98574203629,48649619
23514928788798,Melina Machado,06457923810,19881340
83986563563760,Dra. Eduarda Barros,79430586157,32447906
58538505033104,Antônio Viana,18962375095,52746297
11293151209095,Cecilia Carvalho,60814953298,83321686
75079439563281,Srta. Maysa Cunha,90635182424,08398626
26535223935076,Sophia Gonçalves,85607941310,44372814
38544434186078,Maria Isis Oliveira,18735024607,68803077
46556449632195,Maria Luiza Peixoto,17583260930,26664823
61380811265061,Isabella Pinto,38265097492,44969702
30077998357498,Lorena Pacheco,09764253865,82039508
39023688470643,Caio Sá,20431689750,85013311
48405369155506,Thiago Costela,63589724137,02563528
41248815032694,Dra. Gabriela Lopes,65420137925,99463289
99062992001925,Rhavi Freitas,78159260458,35224169
86017342258400,Arthur Miguel Silva,08924563106,44041207
89519539700165,Manuela Moraes,68239754074,89959614
27252251172329,Cecília Ferreira,96830247187,86957240
78003380863006,Hadassa Fonseca,91648230598,80456440
78893697000289,Henry Peixoto,10258369442,50502167
21859154264229,Brenda da Cunha,69341058260,29805455
23111975672846,Maria Alice Nogueira,80537296140,32278313
44188074745392,Anthony Cavalcanti,27501468958,61801187
20757901533486,Sarah Rodrigues,94532167809,91825196
52230057522357,José Pedro da Costa,39280176595,02426749
13271226324538,Bruno Novaes,43260198750,92848923
82416328211588,Benjamim Silveira,25687103490,15257829
97191768252479,Ana Clara das Neves,80716934213,95678485
29560033495280,Dr. Fernando Oliveira,17094258305,31832144
86773551416607,Kevin Azevedo,10248956370,48633476
17955408046496,Dante da Mata,97834126555,59552862
68505091260132,Levi Cassiano,39654278065,97919924
68185459192692,José Miguel Guerra,12308947560,80323917
18165501497074,Maria Fernanda da Luz,69504381251,02101608
51156367946485,Caleb Pimenta,70521896312,84686478
78094376151814,Gustavo Rezende,71603285407,21373784
49590264850308,Joana Guerra,81529043689,20680518
60372268635522,Rhavi Martins,24037196506,04693403
39433411183528,Lara Pinto,21380945704,39562079
28740216827456,Sra. Raquel Casa Grande,64809571211,66380635
74047515360013,Francisco Novaes,35419870223,70667399
52958642502598,Dra. Natália Costela,63058219768,79459520
63803795232656,Dr. Fernando Melo,37860451948,55697306
79608737782835,Manuela Mendonça,31798052695,75726485
51677420391003,Kevin Cunha,86217590395,40071526
17822471518478,Mathias Pastor,41567820930,29477579
61309127758759,Isabella Pacheco,38529740114,39118957
54125346911060,Melina da Mota,96415708384,06685222
68453292821285,Sofia da Rosa,08714963566,22165312
11394339443773,Davi Fogaça,15389402723,58055436
30935125508068,Davi Lucas Albuquerque,64820375938,20505235
26014801087931,Pedro Lucas Araújo,69085421306,20872185
69506335929667,Sra. Olivia Leão,53097164243,92356592
19857049122339,Ravi Lucca Cavalcante,90851762476,55989408
94440846959735,Sra. Juliana Azevedo,32894051760,48067243
20347709759414,Letícia Brito,23856017453,77759595
97846688801426,Yuri Gomes,79450631875,87104921
95325507400836,Manuella Pacheco,74318950204,88796609
22268103959839,Cecilia Costa,81743256035,87421123
61271815754991,Dr. Isaque da Conceição,93670415270,41034388
77216514913499,João Pedro Nascimento,05361279480,68110358
19805880290613,Davi Lucas Vasconcelos,43628701562,30219008
21563141975756,Dante Silva,36204958151,34788514
23707444692342,Rhavi Nunes,04587639184,19765148
63091076613469,Thiago Rocha,20914863703,54367927
20255233499713,Arthur Gabriel Nunes,93825476146,51311369
48422283195746,Beatriz Viana,47861059294,42119957
22617966642980,Benício Pacheco,23457068992,80365205
14307835717600,Caio das Neves,78910524332,63504679
54043541574599,Maria Sophia Cavalcante,51869432746,11776403
63028187157467,Luiz Felipe Peixoto,81527069494,30332664
61806344356180,Alice Nunes,71396428500,24738465
93743492456320,Davi Luiz Castro,21968345728,81330410
40541542293816,Brenda Guerra,56379421025,01926425
40892258399901,João Vitor Nogueira,71893450600,15206732
43179033128851,Theo Barbosa,23461907804,92489387
57492470016132,Rhavi da Paz,84657239155,41507148
23688465169666,Heloísa Pereira,29136470570,07154487
84418131136659,Aurora Mendonça,08746359265,97502434
67408136732973,Dr. Erick Costa,17492685319,76280448
27735793923615,Felipe da Paz,13469280703,71912913
53718354184518,Emilly Pimenta,63891507259,12050109
42169895304166,Allana Silveira,48690257365,54139465
52009425353830,Sra. Heloísa Aparecida,64597023810,96369160
21777483234925,Thomas da Mota,96273015406,46895722
33973462913069,Sr. Josué Jesus,04285613735,69408448
19003263955535,Sr. Arthur Carvalho,75836429065,57642449
88762892861308,Bianca Pastor,07326958130,03417388
88904697241202,Maria Vitória Dias,42107865353,60052240
64884022335622,Ayla Rodrigues,09123856424,79459032
68397876724664,Esther Sales,65174280976,22235543
91345202380061,Luiz Gustavo da Costa,40162985711,49188689
43201712901685,Thomas Andrade,58039672112,46421787
85175046282524,Henry Barros,80479256365,12631746
56810535730152,Rael Câmara,71435028988,88769597
81735828727279,Mariana Lopes,95082476300,73632278
68628317282391,Alana Pereira,68095134775,99894347
42047744747961,Bento Caldeira,17653498264,50615996
72804737161833,Srta. Sarah Machado,46792830178,27436221
45974260069809,Alana Melo,57418263007,01809425
25681790041749,Maria Sophia Brito,29517086458,53589013
54589328067426,Olívia Montenegro,03918564215,39634421
52234544165385,Isabelly Abreu,17296384069,44214837
54485926035024,Ravy Silva,68429035133,06118813
62235900704815,Josué Nunes,32958016498,72695476
93935026158543,Bianca Gomes,71389542041,58622745
86802883833519,Miguel Cavalcanti,80614729530,77312184
97221067666604,Benício Gomes,95160832424,05007977
19179776488811,Bella Machado,47821390550,48652373
32407770505995,Maria Isis Araújo,15304862708,38800040
32503814893290,Srta. Sofia Borges,85407263190,64104908
29593980659474,Srta. Maya Mendes,05783126977,18918097
28785606735325,Bernardo Rios,87410253690,14760573
99723533675839,Maria Isis Porto,60794283187,98685433
76136309950528,Letícia Vargas,34758210950,55342639
23889784003033,Ryan Moura,79468130584,12723949
31623167560069,Eloah Mendonça,73154602925,76880496
52853232142329,Beatriz da Cruz,39172580488,79371964
84149309666853,Arthur Miguel Peixoto,27904361850,25943828
19937656999496,Ana Sophia Machado,49851763209,63941406
80569295244004,José da Cunha,15920638451,91599272
80413464723336,Sr. Yan Araújo,61057823490,31751388
69295322294472,Leonardo Garcia,61938027469,95105934
81229451366677,Davi Miguel Duarte,80659321424,89797150
67901878211312,Ana Vitória Ramos,52130976425,12926019
97047517232630,Sra. Eloah Silva,78342051960,32023864
84726359427067,Luiz Henrique Oliveira,69015278458,29635146
79114434361260,Maria Vitória Garcia,48203961533,89012760
68006990506367,Asafe Duarte,35840172979,33940996
68810491709033,Dra. Valentina Gonçalves,16820547307,86014754
10575284383561,José Miguel Costa,07189452630,58458603
60450945287575,Gael Garcia,70154326844,43180914
22762812067373,Dr. Henrique Novais,36491580270,26905720
72806928499697,Otávio Aparecida,18075946375,99813707
78472346238232,Ryan Costela,81704526353,64713632
67734293753940,Davi Lucca da Paz,48701235923,19364354
32532758988239,Lorenzo da Paz,68097154285,23626309
42306154110133,Emanuel Nascimento,62594108324,26961889
18484980646970,Luiz Felipe Costela,93485612006,63104976
87841112317227,Juliana Carvalho,34609175207,22892743
90074163572829,Kevin Camargo,04538967157,29758942
68845701243979,Marcela Santos,67439281004,57471418
93866793103549,Danilo Melo,64308251915,51260600
26183801395932,Antony Silva,15749823032,00876272
62507981413755,Lorenzo Jesus,68419270369,39199479
22217854248524,Raquel Carvalho,63594120716,76603107
93362750521709,Antônio Cavalcanti,21340987678,48980829
74740836192412,Zoe Brito,15840693766,55816700
70664888234412,Helena Gonçalves,95241306889,85387314
22426113916930,Dr. Asafe Vieira,72035491860,51477476
78670586575075,Milena Moraes,30581497600,64421730
22250818975839,Bárbara Macedo,13028579677,77050784
82948751090402,Aylla Pereira,48360972150,02259171
15495982631568,Augusto das Neves,68397140557,09318173
54638070940927,Bruno Sá,51987236491,25250805
66028869419401,Maria Moraes,08615934215,87563644
94905502445894,Sr. Samuel Siqueira,35967214070,60594061
21785751354427,Matteo Novais,14027635906,16162592
20136281951950,Luiz Felipe Mendonça,27045983123,29464451
19183234129619,Thomas Silveira,12970843579,63467792
35109632649671,Eduarda Azevedo,62017438553,49044673
33446061348167,Isaque Caldeira,34921870640,92757880
89837151304466,Melina Pires,09742163804,01716252
78412667309673,Luiz Miguel Barbosa,84231957673,20618035
62857586946096,Mariana Vieira,76581034207,53916579
86346807004143,José Miguel Sampaio,25017364862,12805202
52692923809577,Heitor Fogaça,17439268555,04076936
42671046988482,Clarice Montenegro,89635407238,09805165
86657260895827,Nina Martins,68710592458,35439030
18718962222938,Sra. Ana Julia da Paz,93205467116,75535306
41448885636841,Mariah Albuquerque,98532710441,10614993
33492692104157,Hellena Mendes,29346058170,60728150
23936662530517,Dr. Dante Rocha,62504913761,70687663
97759780414797,Dr. Diego Teixeira,60395714893,67468279
85546555576565,Dr. Rael Brito,23095671407,26295735
60627312448588,Juan Aragão,30986547247,54175147
97595733888560,Melissa Vasconcelos,19634057810,46427616
67890934072362,Dr. Benício Andrade,91728034523,25063128
82593234921195,Vinícius da Cruz,57623918095,44144251
87938133751786,Ayla Araújo,37285610453,86429712
15114116654614,Giovanna Silveira,57430829600,04453784
10862244585347,Kaique da Mota,64902375125,21005180
71010362294969,Mathias Novais,57086129321,03542477
56798206303971,Emilly Borges,07983216440,82749716
20178858468905,Sophia Novais,14307596820,41951756
33566293376195,Dr. Pedro Henrique da Paz,12903568405,84013876
93330999738092,Sophie Barros,52970134616,24262996
52888910009416,Yan Abreu,06281547985,15106144
90341480955573,Dra. Ana Luiza Rodrigues,25097461894,90824030
39162338697415,Valentim Lopes,13507698439,02592852
93573037727950,Augusto da Costa,61420375890,73739027
88437937407869,Nathan Leão,87130254904,86444984
95928873363673,Isaque Marques,24318759032,84292241
18481700858660,Ana Clara Ramos,46579103299,57216766
73918114802588,Elisa Borges,70541398601,44030675
61428159638245,Sra. Lara Porto,35478962155,09265773
59876542739029,João Lucas Pires,65849723056,52768409
42340351543541,Anna Liz Abreu,96057418220,74928561
34092705766955,Kamilly Correia,72145836900,50361462
65447590765823,Mariane Cunha,30524981779,84165486
19846352982839,Maria Laura Sá,80536471975,92327968
87550063700030,Fernando da Costa,91265743819,23715702
44018206163312,Letícia da Paz,06179325499,00351992
94498685688470,Antony Machado,28435769038,08550165
93421839413045,Ravi Lucca Cardoso,64318279022,17043034
61635143978096,Bento Câmara,83905712423,54645838
67294042652140,Gael Cardoso,63458902783,45894334
65477794462197,Luiz Miguel Almeida,37042896122,21209954
15691779580817,Raquel Mendes,01729384579,94879051
87508691009237,Antônio Garcia,46201875344,90779526
85444888646995,Caio Fogaça,40613258762,61266346
70217508511807,Bernardo Fernandes,70135649234,46729260
99256265370388,Arthur Miguel Pereira,50647328135,34787699
74146367629136,Marina Novaes,69718320431,62369856
84013347923222,Ana Carolina Moura,69378452191,45653930
74342568829521,Sra. Ana Carolina Aparecida,74603851235,98918168
99171301668800,Eduarda Cavalcanti,37914682519,22148495
43274493868518,Maria Laura Alves,27091354850,38364567
37051710488334,Luiz Miguel Peixoto,87643250162,30487365
11947462009082,Matheus Duarte,71692548085,55869553
96279821375408,João Ferreira,10972536868,45076116
41329046035586,Joaquim Pimenta,62193740534,29432410
46505456513975,Eloá Casa Grande,08235146762,65772766
38710783326452,Ana Liz Novaes,04716958230,47316109
70075393467336,Murilo Costela,01763594270,00908290
70931971801392,Bárbara Aragão,94167582309,95757855
38452704185163,Manuela Araújo,43627185919,26415421
73579215316311,Isabela Machado,10763294543,32310194
41259561275194,Brenda Martins,42938176031,32252939
65654325575169,Sra. Ana Costa,72486395164,35356274
61760992878666,Hellena Cavalcanti,50346278171,16686729
33863378710536,Ester Porto,81475269382,97323516
31189153940236,Allana Abreu,14583706901,50805487
32363820477849,Bárbara Araújo,20859617467,66613727
23704195551971,Gael Peixoto,65493718219,51744047
16780521676486,Sr. Matheus da Mata,29630754800,14827204
77948872683307,Enrico Cavalcanti,65823417071,53559136
91129883797499,Sophie Ferreira,19457286391,90892387
17883005686394,Cecília Casa Grande,81530274923,85025127
44775186703491,Maitê Casa Grande,46198025306,07186155
81471716326088,Lucas Moura,40618573208,55541015
33048549649352,Liam Barros,43791560280,23061329
53501567153501,Calebe da Cruz,68923701521,42897956
64776475657172,Vitor Gabriel Costa,51973208695,44668796
48906237310850,Luiz Otávio Dias,84156320707,20817599
53705944000501,Ana Luiza Dias,78135246919,69129869
56473910176693,Olívia Carvalho,38950127423,37920173
82994439607072,Sra. Ana Lívia Peixoto,09628153498,08172762
10582870290368,Maya Ribeiro,15240396833,55652478
19145567244995,Maria Clara da Paz,43758906229,94304204
60027565124229,Otto Lopes,63954718057,16550390
45863733769754,Bianca Viana,76195842346,22789933
15754369742310,Sr. Bernardo Teixeira,27361540880,10090436
45678330260393,Julia Moraes,85209374629,86574371
87756093303720,Sarah Rodrigues,73598201460,91664344
44142036732097,Arthur Miguel Casa Grande,95047621316,35875847
46178346901725,Dra. Caroline Sousa,28960471313,62579710
54028017123251,Elisa Gonçalves,30412687950,37305847
62408212058416,Olívia Pacheco,07645283947,62667227
19815144773375,Kevin Sampaio,60743192516,31443077
91976436093727,Ana Santos,10269843787,30438333
65044318990204,Gustavo Henrique Vieira,71543286062,85722991
76135408245229,Caleb Martins,31459702832,77639363
55083777676766,Dra. Ayla Peixoto,14790582388,39420696
64074031248410,Isaac Rezende,80279135432,12740194
56197292881681,Vitor Hugo Sampaio,15764329809,76062695
63508229495746,Alexia Fogaça,82396754092,03168578
51092260861735,Ágatha Sousa,08467395265,85972217
25714545246271,Luiz Miguel Cassiano,21397480696,77070523
22676920681697,Ísis Costa,78460912558,08134761
34445103901162,Rebeca Monteiro,48130759241,37689036
23243965801249,Sr. Anthony Gabriel Cavalcanti,47358106920,81731549
84348058468614,Davi Pastor,73862450929,43540432
43286421031883,Ana Beatriz Macedo,54869170230,22869499
32042665555833,Sr. Diogo Ferreira,67105439270,28798476
43344162948325,Letícia Novais,16532908460,01917833
99939015056671,Ravi Brito,39054768274,11195691
26361458564944,Maria Eduarda Sousa,36014792570,02848800
32355479721711,João Vitor Nascimento,36291045842,83081519
54898057911898,Sra. Isadora Lopes,83627540107,83595841
92774960937331,Vitor da Cunha,13790654884,42652165
43731661794246,Sr. Raul Nunes,26931857002,55607012
77833952162995,Pietro Ferreira,28635491700,98429895
18392796112443,Rodrigo da Paz,04158367948,23577941
39684532658088,Noah Mendonça,62541083998,39176626
98433657580833,Isabella Albuquerque,86035492142,02999672
14319016288681,Marcelo Pacheco,35970146820,43266010
68163049391579,Cecilia Ferreira,37821690422,42036760
74048449605689,Thomas Marques,43716890510,90771376
40277815822896,Manuela Novaes,01987632559,17095867
27277830320109,Nathan Costela,48175602317,77951820
40709301283176,Sabrina Correia,53172986446,28633093
23263884722813,Ravi Siqueira,69538210786,77486383
39935462235303,Lunna Machado,51860947220,05765093
48343154224932,João Felipe Gomes,78250941314,65071607
24844074299365,Manuela Mendes,57246803947,00986696
30228222143122,Nicole da Cunha,91804327603,27577176
94243216472475,Antônio Pacheco,38960572438,59213598
75002631028152,Srta. Isabela Rezende,17805426902,05293976
96071355778097,Stephany Freitas,80642357900,08631967
58612333200114,Maria Liz Guerra,25173480904,05852022
30752269248980,Dr. Benjamim Novais,63408715939,49215463
14670016197224,Maria Alice Camargo,30458679283,48203661
32126234767902,Luara Pereira,71568049366,64616994
75990511989475,Raquel Jesus,06794518201,55475349
96435272548131,Ana Lívia Sampaio,27681453008,75910508
50756727809869,Vinícius Moreira,26071539803,20455414
44813022891813,Léo Nascimento,07932685168,10760990
19127939234167,Marcela Araújo,27164853053,25904474
52456459433268,Laura Garcia,92054176885,65639302
82861293264873,Josué Barbosa,50398462747,03367312
41870404535436,Brayan Rios,42319568719,84929868
88957499237681,Dra. Stella Almeida,38649710204,33635135
83187761768781,Nicolas Sá,37510462916,43247628
81901632297973,Sr. Juan Duarte,38540679256,13139309
77952432898864,Ana Clara Rezende,61095347225,92122707
85089866621603,Leonardo Pinto,32986147003,69908363
53585840231707,Alexandre Azevedo,26957403874,14516101
62333428427722,Dr. Vitor Hugo da Cruz,29430718622,42740513
86920951728819,Caio Sales,24061539752,78111735
27599643768054,Caio Sampaio,19062748350,25311607
77484378921150,Vitor Gabriel Rios,18293476591,75439237
51182806583299,Manuela Camargo,39846570139,59293650
15716545707475,Yago Rezende,71052386903,88191604
84492898218008,Ana Clara Machado,67534019206,76698446
38953925842109,Kamilly Vargas,92015643761,80414959
83499692942980,Arthur Gabriel Rios,65039142889,53431395
79380827711133,Amanda Costa,12046589785,24945138
46120842031989,Otávio Pinto,96813472003,68021573
93379072424915,Thiago Souza,86257419085,64416304
46737554500135,Sra. Lara Lopes,03957142652,28306983
23822288938250,Maysa da Costa,85604932124,29741659
90001943489581,Rael Santos,79531604207,53921390
89949869650760,Pietro Fonseca,39085164206,38613420
73237826829172,Srta. Mariane Araújo,62785491076,71254227
64743610777993,Ísis Vasconcelos,03941826506,37252608
32607334459407,Ana Vitória Casa Grande,61572849002,57319199
82223763891722,Asafe Costela,45372801662,67614365
52984954707733,Marcela Vieira,84236950774,46303227
41421854314507,Sophia da Cunha,47315068244,96232935
84632838597661,Dra. Sarah Moreira,45921786373,55903495
31835690420317,Apollo Barbosa,95168270476,76857420
16229581588813,Vitor Sá,31540826708,40180787
69661416002094,Ana Clara Guerra,49763518237,72004111
20549964915733,Theo Monteiro,68140952702,09980127
47647672556410,Enzo Gabriel Pinto,23684915700,20847177
93237279465404,Cauê Costa,95682173473,61787273
20584626385779,Antônio Machado,87359410657,13200053
68682564463386,Emilly Freitas,78562490130,22255991
75522311716049,Dra. Manuella Moreira,63271450862,61709116
43698492330694,Dr. Danilo Pastor,03496518251,10545640
78798178235993,Dr. Lucas Gabriel Câmara,64021573925,43116213
75099503042112,Isabella Nogueira,96132748555,11750019
64503195040310,Ana Júlia Peixoto,94527860356,03968935
68240659236830,Mirella Guerra,13894607548,25050919
25932612190467,Anthony Gabriel Fernandes,72538469155,01517201
53009476101374,Calebe Pires,48079652392,65272697
15380728785446,Heloisa Albuquerque,93872640500,83990514
68317524464924,Kamilly Almeida,75912806430,91580482
51510276789676,Stephany Aparecida,09735268159,98444407
50851836713525,Theodoro Barbosa,79645180201,57984763
44811036624376,Manuella Guerra,26709814378,08582322
58518299709179,Maria Alice Pastor,98431605766,68993768
56705763760055,José Pedro Silveira,58091362498,12673386
46700177822195,Joaquim Lopes,79568234128,01581815
18809612915479,Jade Sousa,86095234115,56647903
98542829012116,Theodoro Martins,52340876117,75310096
90304567669738,Catarina Fonseca,09184576375,65199656
52022142708049,Clara Andrade,98762315455,47024406
99196399426991,Levi Monteiro,32985601460,03784104
21908075178446,Diego Pastor,68035912712,92031160
95331883250680,Ana Laura Cavalcante,41026895758,62401640
12876593053868,Emilly Cunha,12437086978,53993667
38854053955906,Ana Laura Cavalcante,17653904270,30712586
87684110150447,Yago Fogaça,63041897539,43644290
80794870324383,Juan Ramos,25403197699,74495613
34389656247010,Ana Beatriz Costela,84396157010,18114216
16542690703091,Luara Marques,80435697110,83477785
39250681095215,Mateus Dias,51098276302,16653918
12672855216334,Natália Gomes,68209573438,90061110
29221670959312,Mirella Aparecida,04621938703,27948059
62304805533168,Jade Borges,12830579488,92305414
20310282553549,Thomas Fogaça,71890452602,31128480
14546667643171,Luna Sá,07539162406,56796545
36881593644110,Maria Liz Azevedo,43097265180,08587038
11377803416837,Sr. Lucca Moraes,47518036975,87358763
87559083459833,Natália Albuquerque,63429107822,01111653
68707231049991,Thiago Viana,74980165249,72180002
82252018428813,Ísis da Conceição,46350981251,41894077
12214336321131,Sra. Brenda Pires,25901346815,05086378
95147189819016,Srta. Ágatha Pires,34976152855,34002698
68855530472476,Dante Novais,97243018696,36993869
94781173247976,Theo Pacheco,89217036595,04430512
86322678817799,Daniela Marques,83672150444,64922175
49951346440234,Elisa Santos,50348196270,61166356
59905413420238,Isaac Farias,71306549884,89867223
70303210863238,Lunna da Luz,37284901560,78828859
33216760943281,Marcos Vinicius da Mata,19642503743,14694104
77527330057496,Dra. Aylla Campos,71209463580,74870789
93419173858398,Theodoro Mendonça,87531269040,56931954
19007012978197,Emanuel Teixeira,94738015648,77740382
67859546734083,Maria Flor Pimenta,19627354864,85840021
13456039622933,Nathan Leão,69753402856,35767930
83999240999171,Vitor Hugo Macedo,79320486565,41735144
72261577947168,Dr. Lucca da Mata,40792653874,89665117
90589566353056,João Felipe Cavalcante,21039675425,45114678
89931768301137,Ísis Câmara,40281795304,92998402
75923395382359,Luiz Fernando Moura,29178364582,07456295
72964409956007,Lorenzo Campos,96453271052,94318802
53329674613973,Clara da Cunha,71654809276,68186997
64333608643766,Dra. Sarah Aragão,08152746371,38591614
54474661574399,Bernardo Gonçalves,19652037877,71791111
58364801555728,Mariah Sá,02148659324,86970655
57736652817145,Aylla Ribeiro,60138254915,00580863
53773102216252,Srta. Luana Araújo,14638790240,65531021
97581608001711,Vinícius Duarte,39106452752,21010211
35352658319154,Cecilia Moreira,98715236455,26872381
62903147742424,Isabelly Vargas,63728510912,91729587
24785496768301,Alana Moraes,14623980570,92625647
29876931085590,Alícia da Conceição,50467982120,67551587
19984143188882,Marcos Vinicius Silva,50279431805,11548964
14291479879975,Daniel Ramos,79628051458,88036970
52670433423971,Léo da Mata,26194385006,21272739
48566186140663,Davi Miguel Gomes,29504378188,06440004
14007959532811,Dr. Caleb Almeida,14793856039,98442738
43653465150660,Maysa Macedo,60342157906,80574004
53119261792379,Srta. Lara Moraes,51763402916,61601451
36099813123379,Dr. João Pedro Andrade,89704125305,82120569
92348561067008,Davi Lucas Costela,24583916051,38376818
57266602760937,Matteo Nunes,56741839291,97093972
17311685181076,Ester Machado,75830142988,87817395
19248782220700,João Lucas Porto,02914368542,97302691
20719822468750,Oliver Casa Grande,90462753107,78933651
77014665468393,Luísa Barbosa,06814739593,51914784
49243368383151,Luiz Gustavo Nascimento,50369174216,06988029
94321063650428,Olívia Lopes,60173584993,22230462
96142198375665,Olívia Correia,74852691355,39902398
22299346792458,Sara Pinto,20371945879,03800628
35165570415109,Dra. Clarice Andrade,69158204776,22688589
22688490920852,Igor Borges,72405169380,11070756
71157604146817,Lorenzo Pires,43876259029,09102057
92924722828560,Sr. Ian Ferreira,93871524646,78331970
54236273270122,Isabella Pacheco,60249351706,58993449
84908133227003,Ravi Lucca Nunes,07259863447,65914183
74222038972925,Dra. Vitória Pacheco,09425876347,14628978
53949563917711,Sr. Benício Freitas,60924583142,06400664
40090981595124,Luiza Gonçalves,72308659130,43514966
51019012982235,Ana Sophia Borges,30268975159,36032695
91615618676812,Dra. Alexia da Cruz,32654170853,60770095
89215592546655,Arthur Miguel Borges,46180795339,68740148
43440122509977,Yago Moraes,63278540107,55237665
15233803460976,Sr. Benicio Oliveira,56792140830,00857842
76208189986668,João Pedro Oliveira,72548960102,33365988
42166080575149,Pietro Siqueira,52198743655,81293906
88974842839690,Ana Sophia Novaes,13926054824,15176993
54349894445473,Sr. Davi Luiz Souza,48196530757,62546625
26731690076761,Gustavo da Paz,54136829051,93638200
72934784798116,Joana Melo,39527148014,61745132
25253862612848,Mariah Borges,91024673561,64339612
50084437606892,Thiago da Mata,63951082470,09662453
25165348686885,Joana Moraes,48605721901,38166942
98356627442029,Srta. Ana Luiza Gomes,81645790339,65185194
36957734679571,Sr. João Miguel Freitas,64308521726,83448350
67729948183433,José Casa Grande,02691478378,96331910
81890325755685,Cauê Melo,27054681371,45544022
10429507907373,Emanuel Farias,78241390505,26170928
73476700752720,Sr. Bryan Barbosa,28791640369,40360702
12520448573426,Dante Correia,30718924622,21839610
86199797043305,Thomas Melo,16038542906,15063797
98694351388355,Emanuel Duarte,12473085617,09963298
94227668371800,Srta. Aurora Costela,95783012602,29568433
59360599344168,Levi Pinto,52304196870,62710945
20505773664392,Alexia Rios,16509234734,34689552
30982792264948,Emanuelly da Mata,41598736000,44543165
37782041488110,Isabella Viana,94760832122,60113867
99570666436948,Vitor Hugo Lopes,07258394656,02682574
98448634450964,Enrico Cassiano,79413852600,89617932
97730484323374,Hellena Oliveira,01659284767,92711027
64389228860763,Maria Clara Lopes,90842637150,88640930
84894602475179,Vinicius Macedo,08124359660,67778022
55286451976179,Maria Flor Castro,68104352989,87353897
93516168217834,Rhavi Camargo,83619504270,97760721
29718053062776,Noah Barbosa,01427638535,18496163
95577471070693,Joaquim Cirino,89437605238,66734367
33322884330172,Srta. Maria Luiza Nogueira,46718350966,00873631
52331159721085,Sr. Vitor da Conceição,07258943188,72350624
87621694975841,Paulo Fernandes,50186493720,40246198
14689511896420,Eduardo da Luz,62015378995,17826825
90348775161936,João Guilherme Casa Grande,83516729040,85818323
64658189420604,Hadassa Jesus,63804725171,52076377
35626014928986,Stella Fogaça,18902675467,89944414
91101485346374,Sr. Luan Rios,65130782453,38993278
71004864612093,Sr. Otto Farias,40367582171,56521862
68811175911851,Melissa Nunes,64271083950,30386877
77263925865700,Lucas Gabriel Fogaça,64390827529,91438069
11030634007759,Diego Sá,75419320860,18198091
90755031826694,Aylla Montenegro,56408791220,22956409
45934032790285,Dr. Enzo Fonseca,64871395057,56962000
21812299000802,Enrico Azevedo,42576019811,36464778
85634394183122,Danilo Silva,19326748537,32770169
19521895174745,Yasmin da Rosa,17498053241,71531715
82336122684474,Murilo Mendes,15964730299,94851470
65263187267739,Ryan Costela,32416580744,41270129
28257158893102,Luísa Barros,54269318791,09058307
32946184544855,Sr. Anthony Gabriel da Luz,16379284591,52711677
93223165036170,Henry Gabriel Pires,96714352891,40047531
32207770505805,Gael Henrique Abreu,76804523938,87490162
69079760204050,Mateus Vargas,02651497380,80497676
34925056484504,Maria Liz Barbosa,09215376895,15433121
57238850955693,Maria Fernanda Rodrigues,71863542035,29223511
80308782338602,Bárbara Sales,67825419391,97717255
69626814811135,João Lucas Costela,46891573246,39896586
71740432382846,Apollo Rodrigues,81375426044,93906406
92260061194915,Marcos Vinicius Aragão,45803921750,55079278
83686328843411,Davi Lucca Cirino,32186907496,97839093
10023041141203,Dr. Lucca Cirino,37860294150,20438465
24460427831414,Laís Souza,29605438747,69340055
11085998206070,Samuel Lopes,56209318460,72850525
33442369830198,Zoe Castro,94185630700,56094096
48356214895714,Lunna Fonseca,92671350406,51108757
95938415056302,Juliana Pimenta,75983062492,15868601
51283723113405,Renan Teixeira,05436791280,25827214
71327573044912,Lorena Barbosa,73064895265,33840819
51601853474669,Maria Liz da Cruz,54261739070,27859524
88195583372399,Paulo da Paz,37829461546,86271290
29379137476409,Dra. Anna Liz Santos,53816742017,56865923
82302632897394,Srta. Olivia Castro,74521380905,42905115
41749793585188,Isis Fernandes,36021957407,16841389
72690281103652,Cauã Borges,34612905725,64219818
25948928840859,Benjamim Souza,17029863577,02142713
84493561451562,Anthony Leão,49561082306,51819949
79528822150540,Arthur Gabriel Moraes,78529160401,62344481
23125615071534,Marina Silveira,19628573012,24499527
94178241492617,Vinicius Costa,81296753409,95785193
40916229184243,João Vitor Câmara,25941836015,83895853
52915113879886,Dra. Agatha Borges,47065198375,76868776
54329276294929,Sr. Davi da Paz,27659043161,78522106
44144241844654,Sra. Maria Helena Rios,69074231543,69137382
98802230958997,Sr. Diogo Ramos,89274160313,27288017
83131614100397,Dra. Bella da Conceição,08142697530,04255075
45038332843447,Maria Cecília Martins,37184690575,34209618
28246225802036,Vitória das Neves,56390417810,42468141
15891313558014,Maria Liz Cassiano,79245031888,31367722
10612430316215,Stella Martins,68714092549,72458626
43452818277191,Vinicius Macedo,42936017599,04375799
92546168439392,Maria Julia Moreira,17402863913,09311458
34558882503002,Dra. Isis da Costa,92806157340,56181754
41752162577523,Luara Ribeiro,61473928087,10788553
17106181259949,Srta. Julia Nunes,50264187911,46010592
77746468818772,João Vitor Andrade,31297685059,65676065
17952738181506,Marina Aparecida,18602539703,21777639
79945369697814,Sra. Helena Fogaça,02374951804,60276476
36329515256450,Davi Freitas,84369721040,77936908
78481966819406,Sr. Vicente Oliveira,90157648320,63356788
94224197115187,Clarice Porto,02671394896,77540907
66751854227303,Dr. Pedro Henrique das Neves,80257639195,34022386
75102253332341,Rebeca Rios,05836497184,52981396
60330244258230,Luiz Henrique Dias,09175832640,02097397
94382828536964,Ana Aparecida,64803297592,71632926
82932130959238,Caio Rios,60743981510,99983650
79167865981845,Benício da Cunha,92435701616,89759245
90518450296264,Lívia Nunes,90514723661,23726233
64004004936036,Maria Julia Lima,17608459220,35864096
66047682209058,Luna Lima,12086437978,70456544
38384143849271,Evelyn Sousa,62085137407,36665119
24496513505716,Emanuelly Azevedo,45318260942,37803117
15275597869293,Maria Vitória Sampaio,40961872594,27474158
25014570161455,Rhavi Costa,65734821900,33396904
31213093782554,Sabrina Andrade,17204683978,35950087
18870476581105,Allana Pastor,01368527930,40514839
91763655892875,João Vitor Leão,43982675146,46341247
81420681986349,Dra. Maria Clara da Rocha,65821034744,66319428
55509343074326,Oliver Ribeiro,63924705810,11517300
22496291961614,Enzo Gabriel Barros,49130758297,53216254
26628183690165,Maria Sampaio,72468905300,25811664
73130231532760,Théo Ribeiro,67251480344,56221073
32123377820564,Ísis Almeida,42536801780,52086414
72551768281920,Dr. Thiago Fogaça,57492160801,24140938
93436741282890,Sr. Henry Gabriel Pereira,57930268195,70903042
12083422169670,Augusto Alves,70964512858,60960702
77096122743032,Maria Julia da Rocha,61873254946,35998412
28985838788263,Stella da Cruz,94175268391,42942831
26244339776987,Sr. João Câmara,71543689264,74465092
46078845108509,Isaque Marques,16937205406,06664101
76132535626713,Pedro da Mata,71496503252,61680946
64356483672935,Kaique Cunha,16975432864,41003763
45633922527540,Luigi da Paz,25036194799,34084346
37642625976358,Dra. Maria Eduarda Pinto,87643905193,64329097
80349689156626,Léo Gonçalves,92016354780,94530281
94812253263221,Breno Fonseca,51493062743,15182617
37374845459867,Sra. Bárbara Moreira,47319208504,49601636
68621912875837,Stella Oliveira,76058143217,00763456
69206199405111,Hellena Sales,97620513868,16330922
13473495748226,Ana Julia Barbosa,98705421667,66095229
13028797246152,Rafael das Neves,53179604875,74702484
40138084094089,Srta. Sara Silva,92531047670,41331697
68695536660527,Dom Rios,27054398629,86673975
10963520359989,Srta. Ana Cecília da Rocha,73460285117,20732565
87455655467477,Maria Helena Leão,46597032829,19195314
17487426795363,Cauã Borges,38521604726,85926986
24805526423880,João Miguel Alves,53081764939,93407192
30547731527332,Amanda da Mata,48027619378,83845442
56692138839102,Emanuel Fogaça,45619328015,00812560
44449175807491,Carolina Azevedo,91438270631,94312186
19289825032352,Dr. Levi Costa,53840917620,21324637
71961395494231,Lorena Vieira,20138947597,13360156
66616543381235,Théo Camargo,57436180975,19979055
59439275810437,Theodoro Melo,32965014799,58629593
50194343301831,Matheus Montenegro,15679420830,57528923
88895882700132,Srta. Sofia Rocha,34179065207,54864577
36461521854600,Nicole Pereira,07648193213,44659643
91006719536144,Enzo Gabriel Silveira,80341697575,19207735
19021570510151,Srta. Ana Cecília Rodrigues,75693184048,63516618
45612406775454,Asafe Viana,92830167503,85073747
26615747975118,Leandro Sousa,08342675190,90795016
55788345664278,Antônio Martins,24863759029,88253181
18839174822533,Maria Sophia Machado,06879241549,24874042
81186520624671,Maria Luísa Costela,29156304706,96220760
39237914164623,Dante Ferreira,91764852001,61269664
22425117080691,Dr. Cauã da Mota,60357829140,35518646
30936335867714,Sra. Isadora Barbosa,87169034204,63697519
55412499530769,Emanuel Aragão,35296084756,79269595
49096813526815,Arthur Gabriel Souza,13670594299,84693982
76451988893331,Ana Luiza Câmara,71948263564,87592033
10923764948479,Heloisa Guerra,21736059840,71867153
99148811426900,Hellena Lima,91265748373,59531475
45095262907613,Luigi Rezende,01437985610,70383464
77236366348500,Maria Eduarda Vieira,05761842335,22233310
70394779149769,Cauã Montenegro,54930821606,99213264
36405559361004,Cecilia Novais,92534167006,12571758
50012876201139,Juliana Pastor,59621074380,12156001
55515839572776,Luiz Fernando Viana,57126489030,47395369
23285282086943,Luiz Henrique Correia,29471035805,77236712
12458047905695,Gabriela Martins,25160384707,40749339
38354156350335,Brenda Santos,39247516099,19311593
45072523481567,Sr. Erick Fogaça,75294163080,93020453
35745059238913,Sr. Rhavi Teixeira,51487236964,90526303
33220924394334,Maria Luiza Teixeira,25314978628,77058457
14266610185242,Manuela da Paz,02793451606,08851243
24310077007599,Letícia Rocha,87935406120,27686212
74811244081810,Agatha Rodrigues,14256738053,05633621
60730437778984,Sophia Pimenta,76529384146,77117215
86482264746811,Ravy Sá,67214903580,38793460
88147682260129,Manuella Cunha,69154203716,58653344
78557382669276,Ravy Aparecida,13507698439,95345463
94315476887748,Dra. Nina da Cruz,03782941640,33434962
90411832835042,Alice Cavalcanti,73205164970,36219187
83843058281100,Levi Araújo,42095683170,13371437
11450797317335,Sophia Azevedo,31584907657,01394968
34989177292992,Maria Eduarda Vargas,08569237103,20411923
30146792420792,Sr. Diego Freitas,24971630570,36727278
42597867725988,Yasmin Rodrigues,98041536298,39134025
30093074067736,Maya Ramos,56928034700,96457251
15931123748728,Sr. João Lucas Barros,13760895212,45760994
31006282050660,Heloisa Leão,20459768158,66955541
97390690856392,Maria Clara Mendes,26147509802,91115524
39779045762880,Yan Novaes,78326491519,77020545
29888754473239,Daniel Vasconcelos,75608492374,69410716
76587403132495,Luiz Otávio Martins,89647503148,67623105
77244544221445,Caroline Sá,78190423622,10009374
17317164621447,Maria Julia Sousa,79423065180,83140995
38464346105467,Vinícius Costa,15860293470,83007484
97313081079399,Dom Borges,23097415661,55626624
10282846987039,Joaquim Ribeiro,89076324565,16511080
39512762251745,Srta. Sofia Borges,78093652159,01434720
96356735549732,Olívia Moraes,79680342131,50489391
32217189023067,Liz da Rosa,92306178577,91745598
22522245068816,Lunna Gomes,92085613721,11921599
44195179971744,Isabela Marques,59403826142,21640704
65454475020472,Sarah Sampaio,87092341604,53549694
92564055348793,Juan Aparecida,29806317521,77534977
80862953704910,Raul Novais,07146853993,09247673
35981679339992,Vitória Sampaio,75142936809,43605851
67330176663156,Caroline Moreira,96235740107,30280429
24740049005817,Vicente das Neves,75283941655,21059657
44723751801262,Marcela Lopes,86170459220,22021953
99361584327647,João Gabriel Sampaio,72560493152,58669644
95005781756179,Dr. Felipe Montenegro,81036459748,35819057
85436858886293,Raul Almeida,14069583289,62191099
39187759781439,Rafael Barros,98136270422,78864847
74122813234339,Dr. João Vitor das Neves,57192804649,17718394
62136456147627,Ana Lívia Cavalcante,49376081501,71352832
41189050239703,João Pedro Pastor,43791605216,17529565
59121222664188,Brayan Garcia,75906438157,93255140
30938545848769,Srta. Maria Laura Melo,23897456010,54366660
25429104723038,Bianca Fernandes,81495673219,04936014
98260184333526,Olívia Moura,13685247964,45730291
59620650206287,Sr. Nicolas Gonçalves,85049613701,81446302
36768972260148,Luiz Gustavo Rios,90172586402,74568410
95444414598382,Stephany Barros,67183420922,99028217
35693022813050,Carlos Eduardo Ferreira,67240391507,46387166
61059375955722,Heloisa Casa Grande,27056819494,52083527
57534002053824,Allana Barbosa,13769824040,22050191
93425378477359,Luiz Fernando Abreu,34071268913,87573773
78860824182668,Dom Ferreira,65421738973,46358870
30139436249798,Léo Oliveira,12683049560,06900433
10878088349797,Pedro Lucas Vargas,01425867901,17058853
81726062090553,Renan Azevedo,20193584760,45510623
46883117036534,João Lucas Abreu,24607351970,96152575
42096891399927,Luan Jesus,85762091449,05477950
62720477917725,Rhavi Cassiano,76025148902,15601935
38031966706592,Dr. Lucas Campos,29513708659,32433517
68068103498005,Luara da Rosa,23691804551,03171274
78436564676783,Ana Beatriz Rezende,06142795343,88269470
18720279127623,Hadassa Pastor,70253819695,11887523
20950188626033,Dra. Ayla Albuquerque,91257846094,33197113
16677712856660,Maria Luiza Santos,76219350499,80460078
34154149731476,Sarah Costa,78936520474,64042376
25520002241908,Lara Vargas,08921753621,33332064
66007349126983,Laura Martins,16357928003,41052250
56474600514308,Melissa Souza,52971380432,05500523
52649318212959,João Guilherme Pinto,49850376139,90614234
49857501038067,Sr. Bernardo Cavalcanti,92548167364,65372944
22037431384526,Mirella Peixoto,21034965824,87938534
37610567580685,Lorenzo Souza,56782190494,38403927
64467878040765,José Pedro Abreu,23745618955,22649594
51144885673689,Brenda Lopes,90845127667,15299682
97176491275886,Caroline Macedo,90258431660,45233921
38838235773753,Alexia Pires,23960754892,76558373
82644491194612,Asafe Santos,81964702313,07236079
42109277100197,Sr. Marcos Vinicius da Cruz,71280569476,00230626
34062719457503,Juliana Pereira,48570231997,21065551
16883818652878,Igor Macedo,43025719850,28144035
66704342970397,João Pedro Macedo,61425983006,11022709
81890077808559,Leandro Pires,42187635007,04180818
88528371327191,Caroline Leão,81654970301,28608160
63285074154400,Thales Sá,01324865989,17990779
94745127384160,Anthony Vasconcelos,68123940769,42431932
83831719317803,Sr. Kaique Mendonça,10764529307,57776648
94551126829093,Henry Gabriel da Rosa,18429357637,74975553
97394347582923,Ana Laura Alves,68034719269,03040256
71237208222919,Bento Oliveira,67395108493,09411546
41448539119342,Caroline Lima,53709461839,31166234
57807406146934,Sr. João Gabriel Guerra,68513497282,67341375
24280799012933,Melina Carvalho,59324061780,00270319
11857170670212,Alexia Andrade,82364957109,84073922
47287053687935,Elisa Silveira,31402768508,81522308
24481623885488,Sofia Costela,78906345283,40223900
53760801542184,Amanda da Mota,14290536824,13456601
46257885294493,Dr. Henry Gabriel Peixoto,30129674516,97003360
20359006233830,Vitor Hugo Araújo,20319847640,26692905
44571228695834,Pedro Pacheco,71495632016,07429557
66333789377895,Carolina Pires,79085436184,41488100
38027861689988,Eloah Gonçalves,80437562107,84718960
97210966240184,Sra. Valentina da Mata,45867301290,17030212
85449707353883,Eduarda Moura,62398574164,95386452
52180342705547,Leandro Almeida,39850264160,09738170
87071044335249,Ana Carolina Aparecida,58312407979,77786987
64090937236920,Maria Luísa Nunes,98026174313,43051724
34379156038923,Samuel Peixoto,74196230580,42280881
88020378769948,Sra. Luiza Cassiano,48927310560,36892037
33125725722417,Heloisa Ribeiro,52067483900,39317024
97955783386262,Dra. Natália Silva,18795024611,48385607
78928539234362,Bruna Machado,50928476383,03390027
73370129646327,Marcos Vinicius Marques,43601927543,67290249
14368954027790,Antonella Barbosa,81423506707,19230743
34776605462497,Dr. Matteo Pacheco,92768350400,91038268
66861491510657,Miguel da Rocha,02513498615,49139006
26755899091874,Sra. Sara Andrade,69741503857,31765878
26070588087504,Maya Pereira,87624539047,51257627
58823418054027,André Dias,30825967465,50886425
41671267069254,Gabriel Leão,36582097474,78048908
83544585909065,Maria Luiza Aragão,30296854700,88430188
46684419615591,Camila Pastor,39407156893,99063075
11643710590336,Ryan Fogaça,16305298777,11291411
42975327723321,Clara Cavalcante,49560783238,16359680
50656083990655,Caroline Cavalcante,37608954256,49881525
88760580474472,Brayan Vasconcelos,62930781440,29921629
97520364659172,Marina Lima,54986037200,07609964
52011774567977,Felipe Cassiano,93756240800,13303443
92440908866932,Leandro Duarte,21783046562,40392486
91737195382549,Bernardo Cunha,31792650434,65357240
19455314564422,Esther da Cruz,40153768207,68667287
46633694588592,Erick Andrade,37649150216,88182497
74432930076112,Ester Fonseca,10578439204,77001424
85790197915251,Maria Cecília da Rosa,09124376507,05170843
81748306402639,Kaique Nunes,72369405856,60032859
88601676523297,Dra. Bella Cardoso,02983514714,50907943
74392435287438,Eloá Oliveira,17640289378,15020355
67579949292895,Isabella Cavalcante,24518367090,33852749
43853485719697,Dr. Arthur Miguel Fonseca,81049352750,05005843
54497500036413,Srta. Ana Cecília da Conceição,60289135702,89626692
23031380640715,Eduardo Barbosa,48950671301,30026420
72574365388931,Bernardo Silveira,81940625785,61675816
57410289009206,Brenda Sampaio,31860745920,02811494
66811880162128,Maria Julia Aparecida,85109263442,81496007
17873811934638,Breno Vasconcelos,30821765930,79224109
93602077373465,Maysa das Neves,13092654706,24703755
39016073518138,Sofia das Neves,14302968796,42807213
74539585503013,Arthur Miguel da Mota,40615738966,26486670
50670818054046,Júlia Cassiano,89210354788,00892393
11840359782338,Amanda Araújo,35890124714,20787455
65879203151064,Lorenzo Sá,61248759346,60273192
69657686664441,Asafe Fonseca,60987413287,25453719
88406039863458,Ana Júlia Casa Grande,54290678300,78277888
36930886892456,João Vitor Andrade,34780295629,50423540
27448914840082,Ian Correia,40193682796,61754734
40772909398590,Maria Alice Pacheco,54391607875,90767905
79744160244608,Diego da Paz,79253684119,05553836
93987132639492,Anthony Gabriel Rodrigues,30287941604,10959875
29583539854804,Maria Clara Camargo,95802476176,30866512
31987363491704,Mathias Ferreira,83920156498,04962498
89819545280715,Luana Gomes,46590273847,94041891
58388627135873,Sr. André Costela,32179650868,55843354
83940250993269,Yan Araújo,08142357941,90277787
77101498854310,Bianca Caldeira,89721305677,73403688
12671471444141,Luiz Felipe Ramos,30259764116,35769618
78482573375088,Sra. Carolina Rios,34217658044,22433564
95238024296904,Letícia Nunes,98457623010,49133873
73033262063494,Laura Cavalcante,50283419741,05597208
45335716170074,Sara Jesus,27931458664,11358938
31237034809470,Sra. Julia Albuquerque,82506173471,41803813
23416493950576,Maria Borges,45691082701,72620236
44288465172985,Marcelo Albuquerque,60278345956,42354446
76758830779379,Yago Caldeira,02945731606,84125991
32145972714816,Lívia Lopes,27305618977,13863613
38864975547409,Rodrigo Gonçalves,90275134652,82338655
59207637837259,Théo Souza,48107569202,66800968
44462039047552,Laís Sousa,46180953260,24552076
69845071651652,Joana Monteiro,81574629085,98697383
24271133668515,Ana Lívia Rios,14368509757,22979185
22058687512847,Antonella Novaes,90154268305,83755646
25300362684104,Nina Albuquerque,34678502947,40792444
17313645308469,Dr. Luiz Henrique Pinto,81674952058,72290225
54311974813521,Dante Vasconcelos,70198632568,87298791
46282701830363,André Santos,13894720603,28318259
63784802814861,Bruna Santos,72056839474,43281751
40294936466375,Bernardo Ramos,91036582442,66608417
17925525782036,Antonella Câmara,97804162502,52985876
30476676006110,João Miguel Fonseca,53241697061,54095987
78761338561670,Paulo Farias,51834920698,72470317
48242612702578,Oliver Gonçalves,46370895148,34599095
19525523205610,Gabriel Mendes,15943287060,32861986
48532285232990,Luísa Sales,49873051600,41422824
30322740448693,Vicente Carvalho,87095243123,90270897
34569166552601,Sara da Cruz,76580324929,36923399
18124386026472,Agatha Fonseca,97213046543,78125015
55610178639115,Maria Helena Oliveira,56479283074,92356918
64934399805037,Ravi Lucca Novaes,97541360252,40847036
87978738200429,Maria Júlia Cunha,36049157243,03998635
28388246307630,Dr. Juan Lopes,46037918520,95638449
60280487134095,Maya Casa Grande,84750923141,52691125
64935998500055,Rafael Vieira,38972405647,22912077
38590918936603,Ana Sophia Farias,52634071906,03206349
80503924547437,Maria Julia Melo,26304975180,80524769
29646479253919,Maria Eduarda Borges,38954160700,15330857
12448969854861,Rafaela Casa Grande,30579264106,82082776
50909682445861,Bernardo Fonseca,76834029583,04993335
43863838916422,Nina Melo,31402978588,89782705
74582469830920,Emanuel Cavalcante,83750196400,21891363
33543947780702,Henrique Brito,78201953479,68571226
73901325735216,Isaque Souza,14832569791,24616545
31339655514086,Matheus Oliveira,64917538084,31060501
53982769379546,Luiz Henrique Monteiro,14902876558,44111289
29423812608759,Julia Teixeira,26405798356,49479653
81661470539514,Dra. Isabelly da Luz,82367941050,26087703
69058026974665,Elisa Peixoto,16482953042,09989131
14020038911682,Lara Almeida,34158690242,91415529
50613977684228,Clara Pinto,40283176571,86978421
73712602441976,Rafael Ribeiro,47216985001,70255639
89374136461511,Ana Liz Lima,80694713520,12170906
24932826731657,Dr. Gael Martins,23056749883,48981869
26413374572339,Ana Costa,35279064874,53077808
93677175824713,Josué Abreu,71542839041,32371463
21294334448227,Yan Carvalho,32957468000,58645299
46310925493949,Maria Flor Azevedo,29840571630,75328974
40010519929706,Gael Casa Grande,52317804997,99538742
89592986859462,Renan Mendes,37581206408,85982964
12685555303080,Cauã Santos,65023974170,90434972
31356677333211,Benjamin Vargas,96231758095,99194070
15042107995742,Asafe Leão,73426908131,01168825
30202461638532,Ágatha Monteiro,07361948510,12612261
24184549595215,Davi Miguel Garcia,37901285460,56979192
94720261400574,João Gabriel Siqueira,60473285126,50939156
84328251578116,Luana da Paz,60395218721,89922443
89647422908281,Srta. Milena Araújo,72593814691,22215395
70850087310561,Srta. Isadora Andrade,41285376080,12966927
34859113395703,Marcos Vinicius Macedo,29465173061,11338161
75685287842259,Beatriz Costa,74605123890,08983031
75052930239585,Dr. Luiz Miguel Nascimento,40836215753,95808624
21027884131111,Josué Almeida,34970628556,72943944
26123723858238,Manuella Moraes,36082459792,71788717
14314254896887,Dom Vasconcelos,15298406351,30186431
12905762875549,Gael Henrique Borges,82197603540,71616168
22401097758459,Bruna da Rocha,54627938128,18114644
81057802422955,Luigi da Costa,17864029558,59450906
86433880560112,Joana da Costa,96507382400,55425414
88085351348202,Luísa Almeida,13682407553,91695152
35068988668268,Ana Júlia da Costa,60951278401,78956957
87778047016358,Sr. Enzo Gabriel Lopes,95631247070,86952108
44914828836010,Maria Isis Aragão,51689734264,02173832
93378462321485,Henry Gabriel Cunha,17583602912,95413019
12407463272142,Juliana Castro,23198576482,27242177
74382690696035,Bruno Moraes,58421973673,73781202
97589641941725,Sra. Lunna Cirino,56231480771,46612668
56686263056335,Liz Melo,97062534161,00390419
24375210240139,Mirella Jesus,65983702483,08600457
42496709386224,Dr. Matheus Cavalcanti,93548602738,83345034
58078060383338,Pedro Miguel Ribeiro,32968704583,66170822
11733793839823,Théo Duarte,48705139279,79455019
99363289682990,Emanuel Borges,48261057976,51287578
96675288200760,Sara Costa,73285601426,21356685
92078237097349,Daniel Carvalho,79802364592,19377498
60083533389457,Otávio Garcia,43291750616,95731693
46433066052376,Vitor Hugo Siqueira,56432809738,51802931
48097633058363,Sophia Moura,81570349657,24891723
81492192847476,Sr. Apollo Fernandes,86701352480,21693749
73823556276874,Olívia Camargo,45608937210,20296296
80435191916448,Thiago da Costa,39265814098,37647201
47647143779880,Maria Helena Casa Grande,30586794247,78494436
15997834778437,Pedro Borges,69714520380,34564817
24189490603605,Eduardo Andrade,19208356442,51356272
34044824686601,Gael Henrique Abreu,70692438556,90475917
66415378905843,Ana Sophia Casa Grande,06742951885,16588314
96148801138269,Luiz Fernando Silveira,42860793500,83503188
69181942543750,Ana Carolina da Costa,40283951605,75646421
51619678262258,Luigi da Rocha,10459263706,02661028
36462422315432,Samuel Sousa,87016529312,60859475
30125233712756,Sr. Luiz Felipe Barbosa,16204875949,88387660
69256437403843,Sr. Antony Moreira,10937546801,61268291
73923519957257,Augusto Ferreira,52918364746,67405083
96607048280103,Cauã Gonçalves,16378954020,19749346
80471510987815,Oliver Fogaça,46185709384,59507975
93747310993941,Théo Correia,34908215723,51895224
79108199493900,Emilly Azevedo,67402398510,82425864
79315064935880,Brayan Nascimento,45137986291,07266466
96073324132220,Sr. Pedro Miguel Moraes,52406387992,79473382
99564954546326,Nina da Mota,91456028758,86928015
72146196637961,Dr. Théo Gomes,60179542885,29285642
57266510683435,Clara Sales,68219537086,69473470
23773357160534,João Guilherme Pinto,34506789148,30381278
38410067028231,Dra. Ayla Nogueira,25617498002,88453848
34171644993331,Ana da Cruz,50964387166,05970101
98612733748674,Ravy Freitas,46851932709,14924276
43025639235443,Olivia das Neves,81476053901,02013436
34655773875669,Miguel Cunha,70518246353,80072363
58227006222848,Dra. Isabella Brito,41803267526,61331186
19476445488888,Nicole Sales,60489352189,09027584
64402377106954,Oliver da Rosa,97026315803,41419365
93653204054709,Nathan Araújo,47631209804,60204301
38801345419124,Maria Julia Rodrigues,30795612443,37029719
29457404038118,Caroline Gomes,10476359848,33400289
82888139541814,Sr. Lorenzo Mendonça,49760512343,31531370
30329193291167,Rebeca da Luz,97540286130,42014232
83930836592631,Arthur Miguel Abreu,90732541832,07105958
19958809636405,Antônio Cardoso,03519428741,56287041
30799752577313,Dra. Luna Andrade,81963502442,34145508
17243753987891,Melissa Macedo,98571430241,12127541
18579183062956,Joana Vieira,41379506875,60431689
23426570085315,Thomas Silva,31420695770,77174230
16091789260446,Luiz Gustavo Pinto,64901582305,34635124
15712250191392,Heitor Machado,85346902783,71401099
92468349138353,Alexandre Barros,31027659470,99670161
16103794958667,Beatriz Dias,98527403188,75830735
23860453368710,Luiz Henrique Sá,59204167343,41219511
74981204919444,Enzo Gabriel Barbosa,63285790121,71343820
10159440269113,Arthur Miguel Montenegro,32718460903,97211096
91648623084912,Gael Viana,32746018535,70377766
22206743140412,Marcos Vinicius Pacheco,40873926196,31815494
74884711946362,Dr. Eduardo da Mota,49658170285,52396339
16411615777337,Melina Pimenta,36871092404,32054315
50367938575347,Joana Castro,15023986489,33143123
83848286580245,Mathias Cavalcante,74938216078,40373875
24560601024537,Eduarda Nogueira,67259381400,26721455
27999564828173,Isis Rodrigues,67089251411,30552153
27211129428543,Melissa Peixoto,04867259365,36251380
54512698360666,Theodoro Rios,95437012616,94843314
